kshkod,town_name,district_name,county,Fragmentation,Fragmentation_scaled,SPB,SPB_norm,ADC,ADC_norm,SCA,SCA_norm
201,Rackeresztur,Martonvásári,Fejer,0.23212589,-1.0818148,0.0,-1.7665223,815.65167,-0.5484091,0.22161022,-2.8794866
206,Gonyu,Győri,Gyor-Moson-Sopron,0.2586613,-0.62150872,0.51165849,0.29712483,679.87671,-0.7377454,0.15319303,-1.7412006
216,Komadi,Berettyóújfalui,Hajdu-Bihar,0.2293932,-1.1292185,0.2565085,-0.77823502,1120.787,-0.16535312,0.0037894335,0.8133865
219,Nemesvamos,Veszprémi,Veszprem,0.2333599,-1.0604086,0.0,-1.7665223,551.58038,-0.89326572,0.03481089,0.25682616
221,Balatonfuzfo,Balatonalmádi,Veszprem,0.2934877,-0.017379964,0.63060129,0.73780096,1024.838,-0.25551033,0.046649389,0.09071102
230,Kaba,Püspökladányi,Hajdu-Bihar,0.3514924,0.98881972,0.027700899,-1.6579279,1060.807,-0.22331113,0.10625798,-0.88874179
231,Etyek,Bicskei,Fejer,0.27987021,-0.25360063,0.0480684,-1.5712266,524.45941,-0.95975125,0.14507905,-1.6208184
232,Baktaloranthaza,Baktalórántházai,Szabolcs-Szatmar-Bereg,0.27344859,-0.36499569,0.44265139,-0.0038684104,721.2085,-0.69061869,0.18633197,-2.2667766
235,Ujkigyos,Békéscsabai,Bekes,0.25529659,-0.67987591,0.42741901,-0.14780135,1081.484,-0.24612983,0.24969544,-3.1292186
243,Buk,Kőszegi,Vas,0.201281,-1.616877,0.54336178,0.42653692,926.89392,-0.37496933,0.015943287,0.60272163
262,Martfu,Szolnoki,Jasz-Nagykun-Szolnok,0.30702969,0.21753119,0.4769609,0.17690414,1217.2321,0.067627266,0.0072168838,0.75068974
268,Bekesszentandras,Szarvasi,Bekes,0.2291158,-1.1340305,0.67174208,0.72092903,662.21301,-0.84304553,0.0438083,0.18826944
284,Felsozsolca,Miskolci,Borsod-Abauj-Zemplen,0.26961201,-0.43154818,0.76847291,1.0981269,1003.311,-0.37532231,0.095788576,-0.6368466
291,Balmazujvaros,Balmazújvárosi,Hajdu-Bihar,0.42195359,2.2111003,0.48997021,0.070466645,1067.808,-0.27968153,0.047935717,0.11417092
300,Szombathely,Szombathelyi,Vas,0.3294335,0.60616696,0.78564829,0.98399931,2598.0339,1.5696473,0.0031501916,0.82850993
304,Hajduboszormeny,Hajdúböszörményi,Hajdu-Bihar,0.33640561,0.7271111,0.75172621,0.92848724,3695.4031,3.0778022,0.066735134,-0.13792261
311,Dunaujvaros,Dunaújvárosi,Fejer,0.34006649,0.79061598,0.69737148,0.75468892,1389.9709,0.091390267,0.00085510552,0.86212087
325,Foldes,Püspökladányi,Hajdu-Bihar,0.25483039,-0.68796295,0.0582514,-1.533771,678.11493,-0.74958974,0.01138252,0.68262088
327,Fuzesabony,Füzesabonyi,Heves,0.31028461,0.27399385,0.63549888,0.67513251,947.09808,-0.41207743,0.024225336,0.48107126
345,Boldog,Hatvani,Heves,0.2504766,-0.76348758,0.65837568,0.74138552,619.54938,-0.87651378,0.19494765,-2.2694054
346,Ketegyhaza,Gyulai,Bekes,0.19899251,-1.6565751,0.21615981,-0.91883558,945.73291,-0.3866885,0.047096271,0.09311799
350,Sajobabony,Miskolci,Borsod-Abauj-Zemplen,0.2372289,-0.99329358,0.27497509,-0.58333671,493.5434,-0.9623487,0.066056997,-0.32841074
352,Baja,Bajai,Baranya,0.35045591,0.9708398,0.81233871,1.2268128,1704.465,0.54735053,0.010593065,0.70991999
359,Abaujszanto,Gönci,Borsod-Abauj-Zemplen,0.2409502,-0.9287408,0.63353652,0.78026319,666.90747,-0.75996339,0.034733776,0.28394353
369,Mende,Nagykátai,Pest,0.28554639,-0.1551367,0.65457398,0.66301066,1046.296,-0.32324418,0.087352827,-0.49773273
381,Heviz,Keszthelyi,Zala,0.343126,0.84368885,0.0,-1.7665223,900.32251,-0.42213133,0.00078571524,0.86186671
393,Cigand,Cigándi,Borsod-Abauj-Zemplen,0.1624223,-2.2909534,0.081564598,-1.4470307,729.73657,-0.69551146,0.019719884,0.5481168
396,Ruzsa,Mórahalmi,Csongrad,0.26870871,-0.44721773,0.0,-1.7665223,488.008,-0.98880255,0.044384472,0.085364506
403,Csorna,Csornai,Gyor-Moson-Sopron,0.36646289,1.2485106,0.79766542,1.2748517,2676.248,1.9722239,0.013116692,0.66343176
405,Pecel,Gödöllői,Pest,0.3453052,0.88149124,0.46495739,0.011503894,924.00281,-0.45035827,0.012122114,0.67891419
407,Ocsa,Gyáli,Pest,0.36902961,1.2930353,0.64466143,0.68022448,1009.28,-0.34243354,0.06457413,-0.16262208
410,Dusnok,Kalocsai,Baranya,0.2380707,-0.9786911,0.0129465,-1.7129526,571.18372,-0.87527061,0.055011604,-0.088691764
414,Hort,Hatvani,Heves,0.26255289,-0.55400187,0.51124477,0.24716777,906.2276,-0.43728301,0.11648565,-1.0676779
415,Tarnok,Érdi,Pest,0.2890586,-0.09421099,0.35472351,-0.50792283,958.44519,-0.49857697,0.091570452,-0.50061852
426,Mezotur,Mezőtúri,Jasz-Nagykun-Szolnok,0.33050871,0.62481844,0.60491502,0.50719535,1343.826,0.10080398,0.010844055,0.70260996
434,Morahalom,Mórahalmi,Csongrad,0.29260609,-0.032673173,0.0,-1.7665223,689.16553,-0.74525875,0.05874943,-0.10718829
442,Acs,Komáromi,Komarom-Esztergom,0.35657561,1.0769974,0.3942939,-0.23725244,1145.718,-0.1197925,0.15162595,-1.6150761
467,Emod,Miskolci,Borsod-Abauj-Zemplen,0.33853021,0.76396638,0.59726793,0.57303482,1524.269,0.43478161,0.12424646,-1.1857048
469,Vasvar,Vasvári,Vas,0.34059381,0.79976338,0.67537409,0.8979314,791.56848,-0.59947056,0.033761799,0.31118304
470,Iregszemcse,Tamási,Tolna,0.1708269,-2.14516,0.48833051,0.1930771,728.00348,-0.67264402,0.1276733,-1.2943174
478,Mosonmagyarovar,Mosonmagyaróvári,Gyor-Moson-Sopron,0.32200679,0.47733685,0.89847142,1.4662284,1575.698,0.32537287,0.0038408209,0.81669205
486,Paks,Paksi,Tolna,0.34808949,0.92978978,0.468499,0.0040834867,2019.259,1.037899,0.0072757555,0.75877172
492,Karcag,Karcagi,Jasz-Nagykun-Szolnok,0.25712231,-0.6482054,0.3510204,-0.45759621,1323.842,0.05918726,0.03628521,0.30225182
503,Gyula,Gyulai,Bekes,0.31996429,0.44190586,0.60968101,0.43930477,2206.4871,1.1656097,0.0089220814,0.73851877
511,Csongrad,Csongrádi,Csongrad,0.30540019,0.18926445,0.25525081,-0.79421192,2585.104,1.8426279,0.021979738,0.52066624
512,Satoraljaujhely,Sátoraljaújhelyi,Borsod-Abauj-Zemplen,0.27181831,-0.39327586,0.58434492,0.47379503,2418.625,1.6339817,0.018254284,0.57885373
514,Balatonkenese,Balatonalmádi,Veszprem,0.29460961,0.0020816273,0.76896602,1.0094655,2091.28,1.0081769,0.011123941,0.70516026
517,Hajduszoboszlo,Hajdúszoboszlói,Hajdu-Bihar,0.34395149,0.85800856,0.099041,-1.3991368,1322.568,0.048101384,0.013915421,0.65662944
523,Gyongyos,Gyöngyösi,Heves,0.3092255,0.25562152,0.69967723,0.86047786,1677.676,0.55399996,0.0070819678,0.76261461
528,Orkeny,Dabasi,Pest,0.2358349,-1.0174752,0.65776211,0.68542856,830.7146,-0.60898185,0.022558263,0.51912135
531,Borsodnadasd,Ózdi,Borsod-Abauj-Zemplen,0.1834597,-1.9260206,0.56301129,0.56168443,496.34869,-0.98817766,0.09511888,-0.79043585
537,Csanadpalota,Makói,Csongrad,0.21426579,-1.3916315,0.030364599,-1.6444467,644.31207,-0.79286295,0.032508299,0.32177579
544,Komarom,Komáromi,Komarom-Esztergom,0.30504599,0.18312018,0.83816928,1.3426075,3129.429,2.4822145,0.010353824,0.71257478
551,Siklos,Siklósi,Bacs-Kiskun,0.30107549,0.11424439,0.31743431,-0.51961064,1201.88,-0.019039534,0.016882896,0.59438372
554,Zakanyszek,Mórahalmi,Csongrad,0.25693241,-0.65149957,0.0,-1.7665223,545.25909,-0.90070164,0.011041155,0.6785571
557,Derecske,Derecskei,Hajdu-Bihar,0.39125171,1.678519,0.49679631,0.15089169,1055.111,-0.25467667,0.0064393915,0.76996869
576,Letavertes,Derecskei,Hajdu-Bihar,0.30494499,0.18136814,0.76844102,1.0578355,1322.791,0.032072838,0.067601092,-0.17693125
580,Gavavencsello,Ibrányi,Szabolcs-Szatmar-Bereg,0.24092279,-0.92921615,0.2984578,-0.63120764,1026.644,-0.31531575,0.10641237,-0.838893
582,Val,Martonvásári,Fejer,0.1917593,-1.7820485,0.0,-1.7665223,792.60931,-0.55850649,0.0070714545,0.75296909
583,Balatonalmadi,Balatonalmádi,Veszprem,0.34560731,0.8867318,0.62368768,0.53046936,997.08832,-0.39996797,0.0030131086,0.82822049
587,Szajol,Szolnoki,Jasz-Nagykun-Szolnok,0.25908309,-0.61419195,0.73590457,1.1700616,815.13672,-0.5522961,0.0049479231,0.79160243
603,Felsopakony,Gyáli,Pest,0.2659488,-0.49509341,0.043489698,-1.582091,280.0386,-1.3023005,0.2664358,-3.9094694
618,Nyiradony,Nyíradonyi,Hajdu-Bihar,0.3417818,0.82037109,0.68730778,0.88934082,2404.8601,1.6412437,0.090898618,-0.61217415
620,Lakitelek,Tiszakécskei,Baranya,0.23531561,-1.0264833,0.58901823,0.54106194,556.77771,-0.94142407,0.044230908,0.1414306
626,Hosszupalyi,Derecskei,Hajdu-Bihar,0.247198,-0.82036102,0.38019499,-0.27878165,2382.749,1.6525682,0.16957426,-1.9347003
629,Ujhartyan,Dabasi,Pest,0.2216353,-1.2637937,0.0,-1.7665223,617.88538,-0.81855971,0.12830454,-1.3403077
633,Kozarmisleny,Pécsi,Bacs-Kiskun,0.3136363,0.33213511,0.0,-1.7665223,741.07599,-0.64976335,0.017436629,0.57786387
637,Pomaz,Szentendrei,Pest,0.32711801,0.56600046,0.67961198,0.68822861,1183.05,-0.18171516,0.0036468261,0.81943262
644,Kalocsa,Kalocsai,Baranya,0.34923929,0.94973528,0.54891157,0.32150292,1530.494,0.38073915,0.0098206289,0.71701992
648,Nagyecsed,Mátészalkai,Szabolcs-Szatmar-Bereg,0.26838249,-0.45287657,0.67359573,0.79936224,912.58807,-0.47112498,0.2601184,-3.320647
649,Bonyhad,Bonyhádi,Tolna,0.29732099,0.049115658,0.46435389,0.016607733,1127.934,-0.16060425,0.007478761,0.75360024
662,Szecseny,Szécsényi,Nograd,0.29128429,-0.055602126,0.64792371,0.77623093,1825.506,0.86819547,0.022591891,0.4997682
667,Ajka,Ajkai,Veszprem,0.3026818,0.14210893,0.70980638,0.81739801,3079.356,2.3374684,0.019082269,0.58105361
669,Kazincbarcika,Kazincbarcikai,Borsod-Abauj-Zemplen,0.29512471,0.011017054,0.3105225,-0.58691835,1326.483,0.096415065,0.040737867,0.21989192
674,Diosjeno,Rétsági,Nograd,0.1949286,-1.727071,0.3175402,-0.4899655,929.43927,-0.37662277,0.053259149,-0.031454701
684,Soskut,Érdi,Pest,0.2734791,-0.36446631,0.57477242,0.41118309,961.04132,-0.41122267,0.015073213,0.63337594
685,Torokbalint,Érdi,Pest,0.3112528,0.29078886,0.50016868,-0.022653036,1092.327,-0.35047892,0.0073808739,0.7662394
704,Baracs,Dunaújvárosi,Fejer,0.27368969,-0.36081335,0.71933258,0.92567205,1986.665,0.96669281,0.12383328,-1.0873622
713,Cserszegtomaj,Keszthelyi,Zala,0.28001639,-0.25106484,0.72086602,1.029031,571.78558,-0.92830068,0.1867719,-2.1919503
714,Piliscsaba,Pilisvörösvári,Pest,0.4456282,2.6217804,0.72124761,0.97832131,1157.45,-0.13387503,0.017047172,0.60048741
724,Apc,Hatvani,Heves,0.1848909,-1.9011937,0.47041121,0.12324839,584.14642,-0.881356,0.10342605,-0.88422364
726,Lepseny,Enyingi,Fejer,0.2192131,-1.3058113,0.65642363,0.77617842,845.48761,-0.54419827,0.016328668,0.607373
735,Mako,Makói,Csongrad,0.33079419,0.62977058,0.51032281,0.11055225,1332.255,0.046046447,0.017347414,0.60501325
738,Solymar,Pilisvörösvári,Pest,0.36011171,1.1383377,0.83579969,1.1773139,1128.463,-0.29012659,0.02377094,0.52066827
740,Paszto,Pásztói,Nograd,0.34170079,0.81896597,0.4743872,0.053188272,1217.783,-0.037118524,0.021100847,0.53245902
741,Kengyel,Törökszentmiklósi,Jasz-Nagykun-Szolnok,0.25392941,-0.70359224,0.0919258,-1.3896825,1555.075,0.58155626,0.041227773,0.15952811
748,Gyorujbarat,Győri,Gyor-Moson-Sopron,0.35438669,1.0390265,0.49064481,0.015905511,1421.54,0.14188509,0.01731714,0.60881281
759,Tiszavasvari,Tiszavasvári,Szabolcs-Szatmar-Bereg,0.3304885,0.62446791,0.58557951,0.45024651,1281.228,0.027851798,0.034371786,0.3242158
761,Dunavecse,Kunszentmiklósi,Baranya,0.24041361,-0.93804896,0.58661628,0.59490341,669.01147,-0.7555427,0.074705191,-0.39824119
768,Dombovar,Dombóvári,Tolna,0.301882,0.12823482,0.82987869,1.355111,1585.9871,0.43298912,0.0085369265,0.73923016
780,Isaszeg,Gödöllői,Pest,0.3129701,0.32057863,0.29174829,-0.64798999,881.49408,-0.50624591,0.027108841,0.43510002
786,Dunapataj,Kalocsai,Baranya,0.2440795,-0.87445718,0.4727222,0.16350682,635.95142,-0.79064178,0.027064707,0.40729028
792,Szentgal,Veszprémi,Veszprem,0.22229099,-1.2524195,0.39901659,-0.15318263,476.63779,-1.0337023,0.08393579,-0.56191134
807,Szendro,Edelényi,Borsod-Abauj-Zemplen,0.2198378,-1.2949747,0.73151988,1.2036883,719.31708,-0.67290157,0.074887499,-0.41239238
819,Bordany,Mórahalmi,Csongrad,0.37300989,1.3620806,0.0,-1.7665223,572.92548,-0.87101656,0.025993668,0.41888964
824,Nagyszenas,Orosházi,Bekes,0.27301869,-0.37245306,0.50502652,0.21400803,844.46338,-0.53089702,0.03014452,0.37461564
828,Telki,Budakeszi,Pest,0.38613641,1.5897846,0.0,-1.7665223,521.89423,-1.0069356,0.043253675,0.17298867
831,Hodmezovasarhely,Hódmezővásárhelyi,Csongrad,0.34857821,0.93826765,0.74495912,0.92328554,2840.407,1.9909921,0.0045291116,0.80596292
833,Taborfalva,Dabasi,Pest,0.27562761,-0.32719642,0.257828,-0.76365632,1189.552,-0.053225387,0.13632394,-1.3702047
851,Sopron,Soproni,Gyor-Moson-Sopron,0.39114159,1.6766088,0.77468449,1.0222613,3181.98,2.4264321,0.0021721758,0.84209913
854,Orbottyan,Váci,Pest,0.30110171,0.11469933,0.63553292,0.50355059,989.33832,-0.45021567,0.015403595,0.64222276
858,Baracska,Martonvásári,Fejer,0.2185961,-1.3165143,0.60760218,0.63380718,793.4436,-0.59524441,0.2664358,-3.5819268
859,Tab,Tabi,Somogy,0.26673841,-0.48139611,0.60762608,0.63321346,805.10938,-0.57883865,0.015539107,0.61533666
873,Bakonycsernye,Móri,Fejer,0.3424021,0.83113146,0.193691,-0.99133033,1194.152,0.002078465,0.12279186,-1.2058327
875,Tat,Esztergomi,Komarom-Esztergom,0.25690609,-0.65195608,0.65023518,0.76960456,949.02283,-0.38932765,0.054419402,-0.023594664
886,Bataszek,Szekszárdi,Tolna,0.3569808,1.0840262,0.57027829,0.48898661,825.64313,-0.54766649,0.057702549,-0.091205284
889,Biatorbagy,Budakeszi,Pest,0.34084421,0.80410701,0.31250069,-0.58301985,959.03247,-0.41454884,0.033964805,0.3305096
892,Adony,Dunaújvárosi,Fejer,0.26440471,-0.52187848,0.71357292,0.83056545,676.78558,-0.83903873,0.055123292,0.025649356
898,Vamospercs,Nyíradonyi,Hajdu-Bihar,0.32801601,0.58157796,0.55140883,0.38895953,763.21942,-0.65009606,0.065876946,-0.21526396
911,Tiszaeszlar,Tiszavasvári,Szabolcs-Szatmar-Bereg,0.1590957,-2.3486595,0.42768669,-0.058671053,2321.0271,1.6323985,0.060121972,-0.14143349
913,Bag,Aszódi,Pest,0.41709551,2.126828,0.39928359,-0.14624768,760.30463,-0.61311722,0.051423687,-0.0084422976
924,Dabas,Dabasi,Pest,0.31594291,0.37214759,0.1416088,-1.2496909,2474.041,1.5456533,0.013037968,0.67370939
926,Kisvarda,Kisvárdai,Szabolcs-Szatmar-Bereg,0.3663078,1.2458203,0.63860321,0.61710536,1120.519,-0.2146742,0.0062970216,0.77568185
934,Kiskoros,Kiskőrösi,Baranya,0.35402489,1.0327504,0.59819901,0.4897202,1291.954,0.036089011,0.0093174428,0.72639626
940,Tapiosag,Nagykátai,Pest,0.223507,-1.2313255,0.0,-1.7665223,642.3938,-0.80410218,0.053450927,-0.026574198
944,Gomba,Monori,Pest,0.27469081,-0.34344706,0.073343202,-1.479761,603.1261,-0.87719399,0.06895344,-0.2664268
946,Janoshalma,Jánoshalmai,Baranya,0.27829289,-0.28096214,0.239657,-0.84672809,1072.061,-0.23932654,0.040628958,0.21490142
947,Nagyhegyes,Hajdúszoboszlói,Hajdu-Bihar,0.21037249,-1.4591681,0.0,-1.7665223,552.01422,-0.90528035,0.077647664,-0.48334298
949,Szirmabesenyo,Miskolci,Borsod-Abauj-Zemplen,0.34819609,0.93163902,0.1403648,-1.1964108,724.77808,-0.66450304,0.096556,-0.78549457
951,Gadoros,Orosházi,Bekes,0.2092129,-1.4792833,0.026866401,-1.6600327,812.14288,-0.56453007,0.16511105,-1.8961029
953,Dunaszentgyorgy,Paksi,Tolna,0.2186123,-1.3162333,0.021386201,-1.6783794,520.86908,-0.95396155,0.023548136,0.4642306
958,Dunaharaszti,Szigetszentmiklósi,Pest,0.34627259,0.89827228,0.7654807,1.063266,1244.889,-0.062277589,0.0020093732,0.84375679
959,Tura,Aszódi,Pest,0.3178432,0.40511158,0.19668069,-1.0306726,1169.394,-0.14469379,0.041658752,0.21520932
960,Recsk,Pétervásárai,Heves,0.2471832,-0.82061768,0.8392632,1.5172347,761.9306,-0.65092361,0.051649176,0.019459402
969,Halasztelek,Szigetszentmiklósi,Pest,0.3437956,0.8553043,0.39663371,-0.23658869,664.4389,-0.80281651,0.014611979,0.63653857
976,Bekes,Békési,Bekes,0.29928011,0.083100162,0.49134439,0.063321218,1301.6689,0.026909217,0.011351469,0.6961959
982,Pilis,Monori,Pest,0.33480659,0.69937319,0.77899581,1.0441608,1174.653,-0.19439557,0.028663754,0.43726471
984,Hernad,Dabasi,Pest,0.364025,1.2062209,0.42468771,-0.14084306,1019.335,-0.31652716,0.056879401,-0.046790704
988,Fertod,Soproni,Gyor-Moson-Sopron,0.34139639,0.8136856,0.79320753,1.2745523,3577.7019,3.2478254,0.019239984,0.56285089
990,Racalmas,Dunaújvárosi,Fejer,0.33598071,0.71974057,0.0113804,-1.7244284,875.11298,-0.55806434,0.045394361,0.16420271
991,Tuzser,Záhonyi,Szabolcs-Szatmar-Bereg,0.22496361,-1.206058,0.35152,-0.34050578,481.586,-1.0240883,0.060121972,-0.15759639
997,Delegyhaza,Szigetszentmiklósi,Pest,0.28796151,-0.11324194,0.74727738,1.119346,744.96558,-0.68878037,0.085210197,-0.51826
999,Nagykovacsi,Budakeszi,Pest,0.3981491,1.7981671,0.053397499,-1.5575811,654.75922,-0.80314457,0.012195705,0.67313248
1016,Puspokladany,Püspökladányi,Hajdu-Bihar,0.30136299,0.11923167,0.75219941,1.0618538,1265.3571,-0.0056661903,0.024647642,0.48275548
1029,Gardony,Gárdonyi,Fejer,0.45408601,2.7684968,0.4975462,0.050989091,2733.0801,1.8922133,0.0079903556,0.75161105
1033,Asotthalom,Mórahalmi,Csongrad,0.3149727,0.35531741,0.4851476,0.14318085,2430.3379,1.7407054,0.061181415,-0.14460793
1034,Zalakomar,Nagykanizsai,Zala,0.21793389,-1.3280015,0.54039133,0.40222761,918.21973,-0.39528653,0.10801078,-0.96039712
1039,Hajduhadhaz,Hajdúhadházi,Hajdu-Bihar,0.39701131,1.77843,0.3713465,-0.35458833,1161.296,-0.13003001,0.15162595,-1.5660847
1048,Bicske,Bicskei,Fejer,0.35233951,1.0035143,0.61839253,0.5784713,1024.132,-0.32319647,0.023389218,0.49962968
1049,Dorog,Esztergomi,Komarom-Esztergom,0.35218221,1.0007857,0.4876934,0.087785922,861.36292,-0.54419023,0.010300547,0.70936513
1055,Monor,Monori,Pest,0.32844701,0.58905452,0.43054551,-0.15117207,1857.637,0.79755086,0.026015487,0.46188706
1071,Bacsalmas,Bácsalmási,Baranya,0.24927031,-0.78441304,0.43993941,-0.08416643,898.88397,-0.48524287,0.063993968,-0.1610655
1072,Edeleny,Edelényi,Borsod-Abauj-Zemplen,0.3528221,1.0118856,0.7683205,1.1886971,1149.293,-0.12818255,0.034642022,0.31097376
1081,Kiskunlachaza,Ráckevei,Pest,0.31062481,0.27989513,0.69493288,0.84652364,1187.3051,-0.11225133,0.033343695,0.344291
1082,Pecsvarad,Pécsváradi,Bacs-Kiskun,0.2320327,-1.0834314,0.0093419002,-1.7278547,710.94702,-0.66489041,0.021144215,0.50460333
1092,Maglod,Vecsési,Pest,0.33506531,0.70386112,0.054876,-1.559463,1246.7939,-0.025092835,0.026170444,0.45705888
1100,Jaszkarajeno,Ceglédi,Pest,0.23270001,-1.0718558,0.0,-1.7665223,574.21838,-0.8827759,0.037546769,0.22652316
1126,Kony,Csornai,Gyor-Moson-Sopron,0.2323693,-1.0775924,0.44049811,0.011490411,779.22827,-0.59133768,0.10767464,-0.96520495
1127,Nyirlugos,Nyírbátori,Szabolcs-Szatmar-Bereg,0.2288527,-1.1385944,0.24881069,-0.75490075,1517.475,0.50708181,0.057860982,-0.1209887
1130,Besenyszog,Szolnoki,Jasz-Nagykun-Szolnok,0.2586692,-0.62137169,0.26689121,-0.70991397,659.40479,-0.78552544,0.021719942,0.51108706
1132,Mezokeresztes,Mezőkövesdi,Borsod-Abauj-Zemplen,0.35917759,1.1221336,0.031168399,-1.6443336,853.84363,-0.51795977,0.060789842,-0.13394676
1134,Cegled,Ceglédi,Pest,0.3213912,0.46665817,0.76268172,0.94098496,1800.5031,0.5876919,0.0067213923,0.77417099
1143,Varpalota,Várpalotai,Veszprem,0.3045499,0.17451459,0.63575357,0.67089039,1565.99,0.44681352,0.015432289,0.62466878
1161,Korosladany,Szeghalmi,Bekes,0.23668779,-1.0026801,0.5402903,0.32507145,1337.822,0.14726776,0.034372769,0.31173432
1176,Veszprem,Veszprémi,Veszprem,0.31653711,0.38245505,0.52122313,0.13537492,2598.553,1.7099335,0.0023394574,0.83906347
1183,Pocsaj,Derecskei,Hajdu-Bihar,0.1944693,-1.7350385,0.51367038,0.25019863,892.84729,-0.46054065,0.036910918,0.26155156
1187,Mezohegyes,Mezőkovácsházai,Bekes,0.22337361,-1.2336395,0.71216911,0.97579348,2688.5859,2.0262249,0.0076183612,0.75098729
1188,Abda,Győri,Gyor-Moson-Sopron,0.31005931,0.27008551,0.61575007,0.72928452,628.81042,-0.80797106,0.032311868,0.32061109
1193,Urom,Pilisvörösvári,Pest,0.34470639,0.87110358,0.48058689,-0.056522664,869.16052,-0.61045849,0.029754043,0.42689821
1205,Budakeszi,Budakeszi,Pest,0.3860389,1.588093,0.31395,-0.57336193,671.70367,-0.8064996,0.0062899468,0.77398479
1212,Letenye,Letenyei,Zala,0.37627339,1.4186921,0.47688019,0.14807862,771.57288,-0.6085903,0.029796962,0.36862627
1214,Csepreg,Kőszegi,Vas,0.30763829,0.22808838,0.26917219,-0.67919368,734.65277,-0.65583718,0.077006675,-0.44204658
1225,Fuzesgyarmat,Szeghalmi,Bekes,0.2123813,-1.4243214,0.0175137,-1.6987644,948.3175,-0.40116495,0.078010306,-0.4028329
1227,Nyirmada,Vásárosnaményi,Szabolcs-Szatmar-Bereg,0.2140841,-1.3947833,0.0133452,-1.7147151,1070.076,-0.2249456,0.14459386,-1.501776
1244,Abadszalok,Kunhegyesi,Jasz-Nagykun-Szolnok,0.25442311,-0.69502801,0.3064003,-0.58865482,879.89447,-0.5051766,0.043257903,0.17103031
1257,Lenti,Lenti,Zala,0.3714537,1.3350856,0.84892762,1.524163,2110.7339,1.2377827,0.013957301,0.64610988
1259,Tiszadob,Tiszavasvári,Szabolcs-Szatmar-Bereg,0.18355019,-1.9244508,0.213765,-0.91440594,1382.687,0.26808584,0.085210197,-0.56314236
1269,Szod,Váci,Pest,0.26509449,-0.50991309,0.0,-1.7665223,1185.5179,0.048874363,0.34657359,-5.2007184
1278,Berettyoujfalu,Berettyóújfalui,Hajdu-Bihar,0.30156091,0.12266491,0.69699878,0.84758729,1524.3521,0.34268391,0.0064874557,0.77217853
1280,Hajdudorog,Hajdúböszörményi,Hajdu-Bihar,0.35442191,1.0396376,0.0,-1.7665223,945.68042,-0.41618109,0.34657359,-4.7543788
1288,Nyekladhaza,Miskolci,Borsod-Abauj-Zemplen,0.266431,-0.48672873,0.85657477,1.5281527,631.67468,-0.85122842,0.040576797,0.21431004
1289,Ullo,Vecsési,Pest,0.3028276,0.14463799,0.62108779,0.62507087,1054.677,-0.25869578,0.022515193,0.50808018
1295,Nyul,Győri,Gyor-Moson-Sopron,0.44035569,2.530319,0.48061091,0.021113487,887.4624,-0.53480297,0.024936594,0.48244539
1301,Hodasz,Mátészalkai,Szabolcs-Szatmar-Bereg,0.25112471,-0.75224489,0.0,-1.7665223,711.77722,-0.68511188,0.21217139,-2.7690349
1327,Szigethalom,Szigetszentmiklósi,Pest,0.31064501,0.28024566,0.62861419,0.47079995,1046.644,-0.38073808,0.055189412,0.043424994
1338,Domaszek,Szegedi,Csongrad,0.4016664,1.8591812,0.47958949,0.15667544,585.77179,-0.88051254,0.035541561,0.27167654
1340,Balloszog,Kecskeméti,Baranya,0.41119999,2.024559,0.50470668,0.29098263,484.2822,-1.0166125,0.016328668,0.59333175
1343,Nagykata,Nagykátai,Pest,0.28710619,-0.12807918,0.72306979,0.96730936,1098.454,-0.2253149,0.041210506,0.2154132
1346,Ivancsa,Dunaújvárosi,Fejer,0.2424871,-0.9020803,0.0,-1.7665223,924.12927,-0.40240914,0.035293318,0.28242049
1353,Kormend,Körmendi,Vas,0.3601808,1.139536,0.82547659,1.435165,1740.089,0.71746707,0.0074861706,0.75225705
1355,Nyirtelek,Nyíregyházi,Szabolcs-Szatmar-Bereg,0.3684392,1.2827934,0.79609501,1.2617731,2985.104,2.3902426,0.054212246,0.0019536521
1365,Balassagyarmat,Balassagyarmati,Nograd,0.29929999,0.08344499,0.73468119,0.9812327,912.9375,-0.49357525,0.0094101764,0.7261768
1381,Tiszafoldvar,Kunszentmártoni,Jasz-Nagykun-Szolnok,0.30872801,0.24699163,0.34219381,-0.46053386,1504.6379,0.35189378,0.040096499,0.22719613
1383,Mezocsat,Mezőcsáti,Borsod-Abauj-Zemplen,0.29779279,0.057299919,0.0049176998,-1.7473761,920.17133,-0.4325268,0.019013934,0.56173414
1394,Hevizgyork,Aszódi,Pest,0.32785991,0.57887006,0.57761818,0.3998476,757.31769,-0.70207357,0.086813435,-0.50355446
1395,Jak,Szombathelyi,Vas,0.31336829,0.32748595,0.0,-1.7665223,733.8175,-0.6532563,0.075390235,-0.41895568
1400,Nyiracsad,Nyíradonyi,Hajdu-Bihar,0.2356652,-1.0204189,0.0,-1.7665223,815.91333,-0.54954499,0.096992418,-0.76601022
1414,Tapioszele,Nagykátai,Pest,0.34328589,0.84646243,0.52519649,0.24597369,1073.9821,-0.23901638,0.05263197,0.021178639
1420,Rakoczifalva,Szolnoki,Jasz-Nagykun-Szolnok,0.25393391,-0.70351416,0.44664079,-0.0022585983,807.93689,-0.57457483,0.11278948,-1.0114136
1425,Apatfalva,Makói,Csongrad,0.20657609,-1.5250236,0.47072569,0.1356384,672.2666,-0.74702209,0.34657359,-5.0552258
1434,Pilisvorosvar,Pilisvörösvári,Pest,0.34979501,0.95937532,0.71204942,0.88032424,1000.303,-0.38320664,0.013118822,0.6687094
1445,Szentes,Szentesi,Csongrad,0.2931031,-0.024051551,0.1623271,-1.1633002,1440.719,0.21075384,0.01573154,0.62765825
1449,Ozd,Ózdi,Borsod-Abauj-Zemplen,0.25252119,-0.72802043,0.75755131,0.96875197,2728.6589,1.8444585,0.048959486,0.12663288
1452,Heves,Hevesi,Heves,0.27697909,-0.30375254,0.6099152,0.53391051,1031.011,-0.32134396,0.029962556,0.39665797
1461,Ebes,Hajdúszoboszlói,Hajdu-Bihar,0.27230579,-0.38481969,0.051186301,-1.564786,594.31671,-0.88293368,0.054560553,-0.03537463
1463,Fonyod,Fonyódi,Somogy,0.2697978,-0.42832533,0.71948087,0.88534135,557.05017,-0.98794603,0.0092830686,0.73032296
1473,Rakamaz,Nyíregyházi,Szabolcs-Szatmar-Bereg,0.27599019,-0.32090688,0.51852351,0.32391712,957.36572,-0.33189356,0.079336435,-0.47920945
1482,Szekesfehervar,Székesfehérvári,Fejer,0.3086839,0.2462265,0.8380003,1.156882,3009.4939,2.0792305,0.0021220078,0.84386444
1483,Zagyvarekas,Szolnoki,Jasz-Nagykun-Szolnok,0.21466941,-1.3846301,0.2919873,-0.58040541,1253.598,0.11580332,0.032508299,0.3160086
1484,Nyirbator,Nyírbátori,Szabolcs-Szatmar-Bereg,0.34125051,0.81115496,0.69848633,0.89293236,1018.513,-0.32524768,0.010928494,0.69901156
1502,Paty,Budakeszi,Pest,0.32165039,0.47115433,0.47806561,0.011098622,951.29248,-0.4489764,0.033740118,0.34394816
1513,Debrecen,Debreceni,Hajdu-Bihar,0.3396439,0.78328526,0.94882709,1.3959513,5020.4819,4.343472,0.0014906824,0.85417241
1520,Bekescsaba,Békéscsabai,Bekes,0.27188599,-0.39210179,0.8542757,1.2476361,3015.9951,2.1310303,0.0024833591,0.83810806
1525,Labatlan,Esztergomi,Komarom-Esztergom,0.26199639,-0.56365538,0.53662473,0.37261084,927.47803,-0.39089417,0.020911099,0.52222723
1529,Ujszasz,Szolnoki,Jasz-Nagykun-Szolnok,0.32927951,0.60349572,0.55749238,0.36862135,1034.9969,-0.29401508,0.053042848,0.014957372
1534,Fertoszentmiklos,Soproni,Gyor-Moson-Sopron,0.45398971,2.7668264,0.66302121,0.83172119,1110.774,-0.15275931,0.042002868,0.17819498
1535,Nyergesujfalu,Esztergomi,Komarom-Esztergom,0.3011038,0.11473552,0.62557048,0.72994286,893.78418,-0.43823516,0.012090542,0.67089379
1544,Szentendre,Szentendrei,Pest,0.34640291,0.90053302,0.33733481,-0.54829413,1308.877,-0.016972149,0.0026493219,0.83469713
1560,Gesztely,Miskolci,Borsod-Abauj-Zemplen,0.1959687,-1.7090286,0.26354659,-0.68217349,2783.6909,2.4259076,0.013159887,0.64592689
1564,Tiszacsege,Balmazújvárosi,Hajdu-Bihar,0.248511,-0.79758453,0.0168541,-1.7013955,1092.572,-0.20034462,0.072763249,-0.31542265
1574,Egyek,Balmazújvárosi,Hajdu-Bihar,0.22351611,-1.2311676,0.28126031,-0.66758364,1725.347,0.71462339,0.070622973,-0.29327264
1586,Szentlorinc,Szentlőrinci,Bacs-Kiskun,0.36630791,1.2458223,0.45874971,0.068282455,681.63379,-0.74350756,0.010852213,0.69141245
1601,Melykut,Jánoshalmai,Baranya,0.32526901,0.53392619,0.62205893,0.63434994,1024.39,-0.29773736,0.019005261,0.5645963
1605,Sajoszentpeter,Kazincbarcikai,Borsod-Abauj-Zemplen,0.29162171,-0.049748916,0.68099523,0.86494833,1241.387,0.0084934449,0.049939089,0.058052041
1618,Aszod,Aszódi,Pest,0.2852568,-0.16016017,0.54805201,0.32311472,1023.9,-0.31579447,0.0066959681,0.76709986
1620,Zahony,Záhonyi,Szabolcs-Szatmar-Bereg,0.31627929,0.37798271,0.0,-1.7665223,527.34479,-0.94028598,0.016328668,0.58879274
1632,Felsotarkany,Egri,Heves,0.2310221,-1.100962,0.1865052,-1.0113455,958.32489,-0.32437444,0.04818685,0.048987199
1643,Totkomlos,Orosházi,Bekes,0.27489349,-0.3399311,0.35318509,-0.3926706,2143.6721,1.2947445,0.064837024,-0.19279122
1660,Balatonszabadi,Siófoki,Somogy,0.1946841,-1.7313124,0.0,-1.7665223,1141.7629,-0.0671639,0.18243347,-2.2294862
1683,Koszeg,Kőszegi,Vas,0.29509139,0.010439075,0.58529729,0.53025407,1266.823,0.071777076,0.0097262999,0.71358949
1718,Ecsed,Hatvani,Heves,0.31574139,0.36865178,0.0,-1.7665223,740.06073,-0.66476601,0.16482028,-1.9003768
1720,Nyiregyhaza,Nyíregyházi,Szabolcs-Szatmar-Bereg,0.31629911,0.37832648,0.9352591,1.3776584,4451.4238,3.7012017,0.00047124783,0.86850333
1723,Nagymagocs,Szentesi,Csongrad,0.2505435,-0.76232702,0.46625221,0.09775953,687.40387,-0.73541003,0.033457913,0.30870995
1726,Rackeve,Ráckevei,Pest,0.28730029,-0.1247121,0.6157009,0.51537681,1384.708,0.13017994,0.017484492,0.60080725
1730,Tapiogyorgye,Nagykátai,Pest,0.223196,-1.2367204,0.0,-1.7665223,754.68829,-0.64579302,0.038123995,0.23446846
1731,Szazhalombatta,Érdi,Pest,0.31061301,0.27969041,0.66325969,0.8234328,1382.623,0.22714977,0.023290763,0.49008465
1737,Aba,Székesfehérvári,Fejer,0.24204651,-0.90972328,0.16768,-1.1171017,2377.7429,1.6108069,0.14459386,-1.4961983
1747,Hajduszovat,Hajdúszoboszlói,Hajdu-Bihar,0.2121532,-1.4282784,0.34082329,-0.37248886,855.35382,-0.46302617,0.053042848,-0.043507136
1752,Polgardi,Székesfehérvári,Fejer,0.28146201,-0.22598785,0.65607208,0.73497832,1104.354,-0.20438932,0.13678718,-1.3333341
1753,Gyongyoshalasz,Gyöngyösi,Heves,0.2996622,0.089728326,0.019144,-1.6876725,606.14069,-0.82692355,0.032508299,0.30822325
1755,Mezofalva,Dunaújvárosi,Fejer,0.28762251,-0.11912255,0.43718219,-0.058915123,647.60663,-0.81495547,0.032085653,0.34451285
1763,Siofok,Siófoki,Somogy,0.31465909,0.34987724,0.8932876,1.3213004,2010.825,0.79072267,0.004429854,0.81036907
1767,Lajosmizse,Kecskeméti,Baranya,0.35061869,0.97366351,0.58610189,0.51819891,901.11218,-0.45789823,0.012942198,0.66157317
1775,Demecser,Kemecsei,Szabolcs-Szatmar-Bereg,0.29913679,0.080614023,0.27886,-0.64205092,1486.715,0.44360611,0.090665773,-0.67295414
1778,Mogyorod,Gödöllői,Pest,0.4017072,1.8598889,0.73401833,1.0145359,1210.741,-0.067641072,0.056377981,-0.029321618
1790,Hegyeshalom,Mosonmagyaróvári,Gyor-Moson-Sopron,0.26975039,-0.42914784,0.49895209,0.28729534,634.42273,-0.78519821,0.032729693,0.3047103
1792,Jakabszallas,Kecskeméti,Baranya,0.25042909,-0.76431167,0.53622973,0.41864115,542.46619,-0.93078279,0.074376911,-0.40825048
1794,Nagyatad,Nagyatádi,Somogy,0.28693271,-0.1310885,0.83923048,1.4783542,1079.603,-0.21762867,0.032578811,0.34179834
1810,Battonya,Mezőkovácsházai,Bekes,0.2236388,-1.2290392,0.113262,-1.3329622,979.55988,-0.37182221,0.077950217,-0.38834396
1815,Tatabanya,Tatabányai,Komarom-Esztergom,0.29490799,0.0072575989,0.87922639,1.4139246,2797.3799,1.941323,0.0082852617,0.74829912
1820,Jaszbereny,Jászberényi,Jasz-Nagykun-Szolnok,0.3562389,1.0711566,0.58137113,0.38088849,2291.843,1.3407688,0.014330144,0.65106946
1824,Taktaharkany,Szerencsi,Borsod-Abauj-Zemplen,0.27451059,-0.3465732,0.48959029,0.21373399,672.87708,-0.74519503,0.13460234,-1.4302248
1825,Bodajk,Móri,Fejer,0.32886511,0.59630716,0.40304321,-0.16711968,774.71887,-0.61709493,0.09145429,-0.66160542
1828,Kiskore,Hevesi,Heves,0.22470289,-1.2105805,0.3063302,-0.5389846,746.06732,-0.64784098,0.12279186,-1.2084469
1830,Tokaj,Tokaji,Borsod-Abauj-Zemplen,0.27795929,-0.28674918,0.68088287,0.97123283,1195.559,0.012234379,0.013339667,0.64807957
1832,Vasarosnameny,Vásárosnaményi,Szabolcs-Szatmar-Bereg,0.31379959,0.33496764,0.83465731,1.4205146,2516.707,1.7563637,0.018359322,0.57835484
1834,Veresegyhaz,Gödöllői,Pest,0.472673,3.0909228,0.62169307,0.40999901,1454.274,0.11542556,0.0090292953,0.74135137
1838,Nagydorog,Paksi,Tolna,0.1898317,-1.8154863,0.64110398,0.71859944,1253.61,0.031183681,0.015539107,0.62014323
1839,Dany,Gödöllői,Pest,0.2481339,-0.80412614,0.17729419,-1.0576965,704.89618,-0.71011674,0.078199565,-0.44870698
1842,Keszthely,Keszthelyi,Zala,0.32412729,0.51412076,0.76228172,0.9711836,1226.421,-0.13396545,0.009654657,0.7283802
1845,Harta,Kalocsai,Baranya,0.26818469,-0.45630774,0.48826191,0.17226741,591.26569,-0.88094884,0.033360161,0.31426993
1848,Mor,Móri,Fejer,0.31342319,0.32843822,0.2738395,-0.72626859,2430.3291,1.619277,0.03574913,0.30014205
1850,Marcali,Marcali,Somogy,0.2647399,-0.51606405,0.60291541,0.51491541,2283.6899,1.4047313,0.065495603,-0.17427334
1859,Vaja,Mátészalkai,Szabolcs-Szatmar-Bereg,0.29796779,0.060335606,0.64202648,0.81095898,1401.7889,0.31018353,0.048591383,0.049147766
1861,Dunakeszi,Dunakeszi,Pest,0.35985529,1.1338897,0.79479128,1.1053039,1792.264,0.6182881,0.0046225409,0.80448294
1875,Hajos,Kalocsai,Baranya,0.28142381,-0.22665063,0.0,-1.7665223,730.88782,-0.67744678,0.14492424,-1.5666369
1887,Mateszalka,Mátészalkai,Szabolcs-Szatmar-Bereg,0.2910822,-0.059107747,0.81269562,1.3139514,1206.564,-0.07267572,0.021827305,0.52486229
1892,Csolnok,Esztergomi,Komarom-Esztergom,0.2603164,-0.59279788,0.50720352,0.26965004,746.14459,-0.64575845,0.041164055,0.17543058
1893,Tarjan,Tatabányai,Komarom-Esztergom,0.2579354,-0.63410074,0.2250482,-0.84800494,688.17493,-0.71355063,0.067094587,-0.28439629
1897,Fehergyarmat,Fehérgyarmati,Szabolcs-Szatmar-Bereg,0.36916849,1.2954444,0.5269739,0.28313127,1054.66,-0.2438484,0.0091163851,0.72506177
1898,Fadd,Tolnai,Tolna,0.26573169,-0.49885958,0.37074551,-0.29186505,932.31763,-0.38684314,0.065345593,-0.2254235
1903,Tet,Téti,Gyor-Moson-Sopron,0.31943619,0.43274501,0.55975562,0.44203299,933.92609,-0.39536485,0.064837024,-0.20807831
1911,Lovasbereny,Székesfehérvári,Fejer,0.2358046,-1.0180007,0.50082922,0.25750515,712.94788,-0.68720657,0.086626194,-0.60726506
1912,Gyongyossolymos,Gyöngyösi,Heves,0.27542609,-0.3306922,0.77476728,1.1057397,2591.584,1.7556127,0.030341523,0.39888829
1925,Okany,Sarkadi,Bekes,0.1453364,-2.5873401,0.5668999,0.4909645,718.88629,-0.69394433,0.14564264,-1.5807371
1935,Perkata,Dunaújvárosi,Fejer,0.234844,-1.0346642,0.0,-1.7665223,1013.479,-0.31468704,0.016328668,0.60865277
1936,Babolna,Komáromi,Komarom-Esztergom,0.29591671,0.024755713,0.0,-1.7665223,629.07031,-0.7927621,0.0,0.87521201
1941,Pecs,Pécsi,Bacs-Kiskun,0.34584409,0.89083922,0.7725265,0.86312127,4080.5759,3.3108547,0.0017648542,0.84977275
1943,Mezokovesd,Mezőkövesdi,Borsod-Abauj-Zemplen,0.3624568,1.1790175,0.43382919,-0.16452326,1121.986,-0.22893135,0.019636896,0.56814843
1962,Mezobereny,Békési,Bekes,0.3096571,0.26310837,0.76588577,1.1608083,1116.29,-0.18408856,0.018544128,0.57507038
1971,Nagykoros,Nagykőrösi,Pest,0.26741749,-0.46961626,0.51163292,0.16475274,1194.118,-0.096622154,0.01688676,0.60528648
1978,Kecel,Kiskőrösi,Baranya,0.30018321,0.098766111,0.5704987,0.39779693,990.3551,-0.36911833,0.029695243,0.39816022
1994,Szalkszentmarton,Kunszentmiklósi,Baranya,0.1856927,-1.887285,0.39921871,-0.17257534,817.64063,-0.54800671,0.077637151,-0.43742484
1995,Biharkeresztes,Berettyóújfalui,Hajdu-Bihar,0.25203109,-0.73652208,0.056482699,-1.5428394,851.30298,-0.50923234,0.052711636,-0.0087548196
2000,Csakvar,Bicskei,Fejer,0.32503709,0.52990305,0.0,-1.7665223,1002.94,-0.30104685,0.033512168,0.31707567
2012,Tata,Tatai,Komarom-Esztergom,0.31894031,0.42414305,0.69212228,0.76578057,1806.9659,0.66740119,0.0035799327,0.81974691
2020,Seregelyes,Székesfehérvári,Fejer,0.25644639,-0.65993041,0.48074791,0.054165829,1656.965,0.5453831,0.13328144,-1.2622571
2029,Kiskunfelegyhaza,Kiskunfélegyházi,Baranya,0.3326239,0.66151035,0.71535152,0.85077065,2740.0171,1.9071885,0.025497599,0.48016924
2045,Csanadapaca,Orosházi,Bekes,0.15498389,-2.4199865,0.0,-1.7665223,846.65912,-0.52408969,0.033360161,0.31952417
2047,Kaposvar,Kaposvári,Somogy,0.28694421,-0.13088894,0.89415407,1.4203696,2965.9141,2.105442,0.0075004185,0.7620104
2049,Eger,Egri,Heves,0.30510351,0.18411794,0.86865562,1.3209059,2064.199,0.93086678,0.0050098635,0.79980922
2052,Tass,Kunszentmiklósi,Baranya,0.2026843,-1.5925341,0.3788572,-0.23578465,1261.928,0.11809564,0.049951192,0.020572238
2053,Dunavarsany,Szigetszentmiklósi,Pest,0.33716351,0.74025834,0.73085302,1.0817136,1247.915,0.032603431,0.059316628,-0.10367907
2064,Cegledbercel,Ceglédi,Pest,0.28837639,-0.1060451,0.4369092,-0.020913519,707.0343,-0.70769596,0.023360826,0.47997651
2078,Simontornya,Tamási,Tolna,0.2447007,-0.86368132,0.81976521,1.44135,827.05438,-0.5582372,0.027036116,0.42720592
2103,Alsozsolca,Miskolci,Borsod-Abauj-Zemplen,0.24265911,-0.89909655,0.51269209,0.23012871,884.77911,-0.48221594,0.075970992,-0.3776561
2104,Karancslapujto,Salgótarjáni,Nograd,0.2595453,-0.60617417,0.4934299,0.12038453,532.32678,-0.99431062,0.34657359,-4.736979
2117,Balatonfured,Balatonfüredi,Veszprem,0.27780929,-0.28935111,0.52531809,0.23836313,979.04901,-0.37659416,0.0018856023,0.84473801
2124,Sukosd,Bajai,Baranya,0.2255801,-1.1953638,0.3805311,-0.24585508,846.92462,-0.50446659,0.057351381,-0.095297717
2130,Sarvar,Sárvári,Vas,0.34064931,0.800726,0.45070669,-0.03198497,1601.166,0.50427395,0.0030463412,0.82556647
2131,Csurgo,Csurgói,Somogy,0.235623,-1.0211509,0.47279829,0.10311569,1051.047,-0.22416727,0.057144936,-0.081698664
2135,Szikszo,Szikszói,Borsod-Abauj-Zemplen,0.31075931,0.28222826,0.48486161,0.17706965,704.27399,-0.70832717,0.024914449,0.45229945
2145,Szada,Gödöllői,Pest,0.35215181,1.0002583,0.55765277,0.19497319,771.21368,-0.74843556,0.12261352,-0.9510951
2152,Harkany,Siklósi,Bacs-Kiskun,0.30761489,0.22768255,0.2273391,-0.86860615,972.47351,-0.33867937,0.0010978418,0.85685027
2154,Mucsony,Kazincbarcikai,Borsod-Abauj-Zemplen,0.41690239,2.1234779,0.0,-1.7665223,881.58539,-0.42858988,0.075689346,-0.43121785
2155,Mindszent,Hódmezővásárhelyi,Csongrad,0.27561361,-0.3274394,0.45533541,0.022836616,958.5459,-0.36559066,0.032227617,0.33891392
2165,Nagybajom,Kaposvári,Somogy,0.1696036,-2.1663804,0.65469998,0.7559346,977.91333,-0.36526674,0.042264864,0.18565065
2171,Sulysap,Nagykátai,Pest,0.38692069,1.6033894,0.68244523,0.80545467,1654.527,0.53095442,0.055768941,-0.014816012
2174,Tarcal,Tokaji,Borsod-Abauj-Zemplen,0.2311641,-1.0984989,0.60508323,0.70841199,779.76691,-0.57529306,0.033970751,0.28682145
2176,Megyaszo,Szerencsi,Borsod-Abauj-Zemplen,0.1421821,-2.6420574,0.0,-1.7665223,580.26062,-0.88446623,0.036595013,0.25079301
2188,Szeghalom,Szeghalmi,Bekes,0.25019729,-0.76833272,0.42495611,-0.14227609,998.11951,-0.34811953,0.022928152,0.50411379
2192,Kapolnasnyek,Gárdonyi,Fejer,0.2857106,-0.15228817,0.2210331,-0.90529227,940.33368,-0.40298018,0.015186268,0.6246444
2194,Akaszto,Kiskőrösi,Baranya,0.2741935,-0.35207385,0.50596333,0.24809872,999.92261,-0.28765836,0.0,0.87521201
2199,Izsak,Kiskőrösi,Baranya,0.2448424,-0.86122334,0.20679989,-0.95619828,1899.908,0.9700501,0.037281271,0.2566103
2200,Tortel,Ceglédi,Pest,0.2212083,-1.2712007,0.1785011,-1.0579451,736.90369,-0.67125046,0.069087461,-0.28612292
2210,Jaszarokszallas,Jászberényi,Jasz-Nagykun-Szolnok,0.36885071,1.2899319,0.1603062,-1.1454183,877.70618,-0.49858162,0.11055855,-0.93870902
2219,Poroszlo,Füzesabonyi,Heves,0.18014321,-1.9835513,0.41435841,-0.12544519,732.82159,-0.67954922,0.012439139,0.66659236
2220,Jaszapati,Jászapáti,Jasz-Nagykun-Szolnok,0.27840209,-0.27906793,0.48456991,0.093238197,915.3548,-0.45774826,0.021185741,0.53089672
2230,Hatvan,Hatvani,Heves,0.3349025,0.70103687,0.80002129,1.1893249,1853.974,0.75407487,0.02746734,0.44546875
2240,Hajdunanas,Hajdúnánási,Hajdu-Bihar,0.32953399,0.60791022,0.110737,-1.3473165,1129.719,-0.18044461,0.032058582,0.36129755
2253,Kerekegyhaza,Kecskeméti,Baranya,0.2606537,-0.58694673,0.0,-1.7665223,935.80151,-0.39824939,0.012208127,0.67208737
2255,Onga,Miskolci,Borsod-Abauj-Zemplen,0.23873501,-0.96716744,0.5972985,0.63214654,2098.3479,1.3267124,0.049180016,0.038878422
2256,Kunhegyes,Kunhegyesi,Jasz-Nagykun-Szolnok,0.25511771,-0.68297881,0.46068689,0.015807185,957.99982,-0.3875609,0.18633197,-2.1774697
2262,Onod,Miskolci,Borsod-Abauj-Zemplen,0.2432546,-0.88876659,0.36539501,-0.2871365,374.78619,-1.1825204,0.063903183,-0.22039129
2276,Szekszard,Szekszárdi,Tolna,0.33056879,0.62586069,0.099233598,-1.392092,1757.2061,0.67433381,0.0057639806,0.78311473
2279,Jaszkiser,Jászapáti,Jasz-Nagykun-Szolnok,0.27010381,-0.42301702,0.14980111,-1.1866062,831.17352,-0.56503689,0.10541716,-0.85290641
2280,Csomor,Gödöllői,Pest,0.41785091,2.1399317,0.77929163,1.0691605,1136.132,-0.23219995,0.056481078,0.0049047032
2293,Cibakhaza,Kunszentmártoni,Jasz-Nagykun-Szolnok,0.2430058,-0.89308256,0.0,-1.7665223,621.64368,-0.81767964,0.063903183,-0.22263037
2306,Oroshaza,Orosházi,Bekes,0.3014285,0.12036799,0.82818091,1.2118105,3555.4861,2.9100151,0.014602122,0.6528421
2311,Polgar,Hajdúnánási,Hajdu-Bihar,0.29046121,-0.069879994,0.1803368,-1.0692518,969.92188,-0.37164178,0.03504983,0.30134028
2317,Kunmadaras,Karcagi,Jasz-Nagykun-Szolnok,0.1926201,-1.7671164,0.2048675,-0.9573136,1138.496,-0.10043932,0.028830132,0.39299098
2319,Alsonemedi,Gyáli,Pest,0.3409045,0.80515289,0.2156167,-0.92437023,830.95929,-0.55491388,0.053710509,-0.013128396
2327,Budaors,Budakeszi,Pest,0.4507854,2.7112417,0.65033323,0.63759512,1471.666,0.24218059,0.0029449132,0.82911164
2333,Jaszfenyszaru,Jászberényi,Jasz-Nagykun-Szolnok,0.28820339,-0.10904615,0.0,-1.7665223,874.04858,-0.49098426,0.082555525,-0.49330196
2335,Madaras,Bácsalmási,Baranya,0.1677423,-2.1986682,0.0,-1.7665223,883.32031,-0.45205751,0.15856233,-1.8071456
2340,Nagytarcsa,Gödöllői,Pest,0.350786,0.97656584,0.58971632,0.52735293,569.67548,-0.92884231,0.049104203,0.066381842
2346,Budakalasz,Szentendrei,Pest,0.34666431,0.90506744,0.65009689,0.57256293,992.78589,-0.4363201,0.0026618994,0.83465445
2352,Tiszalok,Tiszavasvári,Szabolcs-Szatmar-Bereg,0.34146291,0.81483948,0.64906412,0.72999674,2908.2781,2.3288922,0.049917966,0.062163975
2360,Ercsi,Martonvásári,Fejer,0.29172209,-0.048007738,0.67694569,0.81831223,835.43341,-0.57508665,0.073126599,-0.30719313
2364,God,Dunakeszi,Pest,0.44470099,2.6056962,0.79841322,1.2155777,1521.05,0.32963005,0.010960483,0.70185709
2365,Herend,Veszprémi,Veszprem,0.30684701,0.21436213,0.030710399,-1.6397924,498.71121,-0.98619866,0.021779522,0.49462494
2369,Sarbogard,Sárbogárdi,Fejer,0.321273,0.46460783,0.7570532,1.0166763,3511.2571,2.9544222,0.034446895,0.33894646
2372,Kotaj,Nyíregyházi,Szabolcs-Szatmar-Bereg,0.3141222,0.34056392,0.86371678,1.2176539,1115.605,-0.33377543,0.34657359,-4.1954021
2382,Retsag,Rétsági,Nograd,0.23507211,-1.0307072,0.51347452,0.38271227,408.20331,-1.113084,0.032467749,0.29973352
2387,Szarvas,Szarvasi,Bekes,0.3326968,0.66277486,0.4884474,0.073607348,1028.265,-0.32675663,0.022566564,0.51520735
2394,Sarretudvari,Püspökladányi,Hajdu-Bihar,0.1792216,-1.9995383,0.0980471,-1.3712668,724.18341,-0.67336488,0.053382888,-0.03607934
2395,Mohacs,Mohácsi,Bacs-Kiskun,0.3314634,0.6413793,0.64623338,0.68511403,1017.589,-0.33159643,0.0086794617,0.73577714
2401,Diosd,Érdi,Pest,0.3534742,1.0231977,0.37173459,-0.46084511,800.23163,-0.71282727,0.0043596267,0.81036884
2414,Verpelet,Egri,Heves,0.224765,-1.2095032,0.39086321,-0.22030252,691.46082,-0.74019909,0.2601184,-3.4822087
2423,Erdotelek,Hevesi,Heves,0.198976,-1.6568615,0.1256429,-1.2599612,831.78741,-0.51568633,0.083314992,-0.54721212
2430,Pannonhalma,Pannonhalmi,Gyor-Moson-Sopron,0.26321879,-0.54245055,0.53335238,0.32875878,796.95367,-0.59657127,0.019292297,0.55427188
2439,Kiskunmajsa,Kiskunmajsai,Baranya,0.31634149,0.37906164,0.30989629,-0.57778549,1994.123,1.0443907,0.015281539,0.62698531
2451,Ecser,Vecsési,Pest,0.26465619,-0.51751626,0.62383831,0.49180341,438.5419,-1.1570494,0.032085653,0.3833566
2454,Tiszaalpar,Tiszakécskei,Baranya,0.25223759,-0.73293996,0.11295,-1.3189389,977.54547,-0.32679182,0.10309911,-0.85482252
2456,Tamasi,Tamási,Tolna,0.2719495,-0.39100012,0.7484827,1.1693786,1747.092,0.75517118,0.017191567,0.58965874
2478,Nagykallo,Nagykállói,Szabolcs-Szatmar-Bereg,0.3181712,0.41080141,0.1218721,-1.3016202,1264.849,0.018689122,0.053164262,0.016417917
2481,Devavanya,Gyomaendrődi,Bekes,0.34707439,0.91218102,0.038167,-1.6320295,1077.337,-0.35489145,0.0034225872,0.82414067
2482,Biharnagybajom,Püspökladányi,Hajdu-Bihar,0.1747819,-2.0765531,0.1254788,-1.2584697,745.94739,-0.6367256,0.017601194,0.57343066
2491,Szob,Szobi,Pest,0.2408102,-0.93116927,0.66822749,1.0055506,698.85968,-0.68071544,0.0030413989,0.82178438
2493,Vac,Váci,Pest,0.34735349,0.91702253,0.79682952,1.1936712,1860.9139,0.77707511,0.0017322138,0.8479619
2498,Decs,Szekszárdi,Tolna,0.221396,-1.2679448,0.4809579,0.16041133,611.33911,-0.84408635,0.073021159,-0.36364284
2501,Velence,Gárdonyi,Fejer,0.32669011,0.55857766,0.69459862,0.71270204,951.30621,-0.50045979,0.0040408042,0.81413722
2503,Zsambek,Budakeszi,Pest,0.31490019,0.35405961,0.51783878,0.2595858,632.0235,-0.83552629,0.011897721,0.67808604
2506,Szabadszallas,Kunszentmiklósi,Baranya,0.2232143,-1.236403,0.058479302,-1.5358884,758.07111,-0.64782107,0.027014948,0.42404509
2513,Esztergom,Esztergomi,Komarom-Esztergom,0.31689161,0.38860449,0.81942958,1.20155,3480.1609,2.8443542,0.0067720101,0.77134144
2527,Tolna,Tolnai,Tolna,0.28124559,-0.22974214,0.4805063,0.042299524,1663.782,0.54098815,0.041188821,0.21863131
2536,Dunabogdany,Szentendrei,Pest,0.33417979,0.68850017,0.2256487,-0.85206962,494.2308,-1.0062065,0.037200425,0.2368187
2558,Gyor,Győri,Gyor-Moson-Sopron,0.37258789,1.3547602,0.9225679,1.3811469,4866.083,4.2958741,0.0017286197,0.85023719
2559,Sumeg,Sümegi,Veszprem,0.3233932,0.50138658,0.59393531,0.51795274,687.41772,-0.77336258,0.010853243,0.69843781
2562,Gyal,Gyáli,Pest,0.32596099,0.54592985,0.54198992,0.194767,1185.157,-0.17607057,0.005591738,0.7895261
2563,Ibrany,Ibrányi,Szabolcs-Szatmar-Bereg,0.37657109,1.4238563,0.25159481,-0.81034148,1983.452,1.0039972,0.16094379,-1.714936
2578,Salgotarjan,Salgótarjáni,Nograd,0.28514859,-0.16203731,0.88240731,1.3990121,3445.0129,2.7546606,0.0079438426,0.75453609
2591,Kisujszallas,Karcagi,Jasz-Nagykun-Szolnok,0.25618091,-0.66453564,0.1077996,-1.3554993,1065.3781,-0.25835952,0.012237633,0.67762494
2613,Nagyvenyim,Dunaújvárosi,Fejer,0.35142159,0.98759139,0.32128131,-0.49962077,2135.978,1.3252882,0.060121972,-0.1287161
2645,Kadarkut,Kaposvári,Somogy,0.1936636,-1.749015,0.1171908,-1.3026831,808.69067,-0.57117039,0.042393137,0.16468354
2649,Zirc,Zirci,Veszprem,0.3262054,0.55016959,0.4790754,0.12844034,688.02039,-0.74525487,0.022645397,0.49590683
2657,Szigetvar,Szigetvári,Bacs-Kiskun,0.32599071,0.54644525,0.77775067,1.1947277,1158.8669,-0.13117331,0.018295202,0.58023787
2658,Rajka,Mosonmagyaróvári,Gyor-Moson-Sopron,0.31526831,0.36044529,0.17069221,-1.0651548,559.39148,-0.89884567,0.060190082,-0.17208274
2661,Ujfeherto,Nyíregyházi,Szabolcs-Szatmar-Bereg,0.3784706,1.4568068,0.45173731,-0.12342464,1776.549,0.6131357,0.050600585,0.095839754
2666,Kiszombor,Makói,Csongrad,0.2451499,-0.8558892,0.29610309,-0.59581584,866.99188,-0.48871192,0.13419285,-1.3714951
2667,Lengyeltoti,Fonyódi,Somogy,0.2664257,-0.48682076,0.0,-1.7665223,742.82593,-0.63993067,0.098868705,-0.82209116
2668,Kecskemet,Kecskeméti,Baranya,0.3117227,0.29894003,0.94119728,1.5190973,4696.6279,4.220717,0.0028063748,0.8337267
2670,Csorvas,Békéscsabai,Bekes,0.2476159,-0.81311166,0.45384401,0.007082867,816.41632,-0.57489645,0.053928342,-0.017228825
2679,Halaszi,Mosonmagyaróvári,Gyor-Moson-Sopron,0.38504449,1.5708431,0.68403292,0.89826238,1851.567,0.88599473,0.068964556,-0.26247573
2681,Vecses,Vecsési,Pest,0.34230521,0.82945079,0.77053553,1.0151316,1022.038,-0.39365309,0.010733721,0.71112555
2695,Balkany,Nagykállói,Szabolcs-Szatmar-Bereg,0.2663677,-0.48782679,0.73276711,1.0017068,2984.7419,2.3613837,0.032508299,0.35516533
2709,Celldomolk,Celldömölki,Vas,0.32729799,0.56912243,0.6683315,0.79988682,1614.105,0.51739919,0.0066303443,0.76739627
2715,Nagyhalasz,Ibrányi,Szabolcs-Szatmar-Bereg,0.31377399,0.33452356,0.22028001,-0.89400071,832.99957,-0.53532594,0.047489237,0.078670703
2731,Torokszentmiklos,Törökszentmiklósi,Jasz-Nagykun-Szolnok,0.3335627,0.67779565,0.74449372,0.9746803,2425.646,1.5099224,0.0079353945,0.75148606
2739,Malyi,Miskolci,Borsod-Abauj-Zemplen,0.30617639,0.20272911,0.87217349,1.5704069,601.74213,-0.89748621,0.064671762,-0.17256974
2747,Sarospatak,Sárospataki,Borsod-Abauj-Zemplen,0.38121799,1.5044653,0.57138509,0.37957868,1315.998,0.061490461,0.0035841321,0.81820643
2757,Kelebia,Kiskunhalasi,Baranya,0.2398915,-0.94710588,0.60477942,0.60665572,1472.8199,0.36530447,0.20843275,-2.5882568
2785,Szolnok,Szolnoki,Jasz-Nagykun-Szolnok,0.33973309,0.7848326,0.91228998,1.439544,3194.6079,2.3436415,0.0026072031,0.83641249
2787,Abony,Ceglédi,Pest,0.29245651,-0.035267878,0.4994441,0.09407489,1272.972,-0.011357984,0.010418954,0.71084994
2800,Ocsod,Kunszentmártoni,Jasz-Nagykun-Szolnok,0.2271115,-1.1687987,0.44104251,-0.0011958505,760.29572,-0.62840861,0.045117777,0.11048876
2810,Nadudvar,Hajdúszoboszlói,Hajdu-Bihar,0.2814568,-0.22607833,0.0,-1.7665223,1031.257,-0.3108778,0.044028357,0.16696027
2813,Kunszentmiklos,Kunszentmiklósi,Baranya,0.26474079,-0.51604855,0.61520737,0.55854082,1143.033,-0.16474836,0.023214316,0.50369292
2822,Turkeve,Mezőtúri,Jasz-Nagykun-Szolnok,0.2355409,-1.0225751,0.058813699,-1.5382649,970.58722,-0.36558434,0.075390235,-0.3637943
2833,Kapuvar,Kapuvári,Gyor-Moson-Sopron,0.42809281,2.3175964,0.7911061,1.238709,1710.725,0.6265139,0.023321329,0.50005895
2834,Vaskut,Bajai,Baranya,0.30522051,0.1861476,0.0,-1.7665223,640.42651,-0.7861656,0.36620408,-5.4416938
2835,Tiszaujvaros,Tiszaújvárosi,Borsod-Abauj-Zemplen,0.30532691,0.1879932,0.45869759,0.06753014,1646.8879,0.65783685,0.0086878818,0.72811252
2848,Tompa,Kiskunhalasi,Baranya,0.2448075,-0.86182874,0.70333308,0.8424421,1914.495,0.84551597,0.047096271,0.1354268
2856,Sarkad,Sarkadi,Bekes,0.25994441,-0.59925079,0.37122121,-0.38091516,1221.066,-0.078377537,0.099587701,-0.69886154
2865,Szentmartonkata,Nagykátai,Pest,0.231911,-1.0855424,0.83070022,1.285905,1029.662,-0.35953978,0.14931329,-1.448121
2870,Szabadbattyan,Székesfehérvári,Fejer,0.32195339,0.47641042,0.75531977,1.0846043,907.73511,-0.48921433,0.17819442,-1.9731274
2874,Sellye,Sellyei,Bacs-Kiskun,0.29309589,-0.024176659,0.21560851,-0.88434786,588.6308,-0.85893381,0.0029226711,0.82457352
2886,Szodliget,Váci,Pest,0.38598531,1.5871636,0.64605922,0.74805421,626.9057,-0.84745359,0.029831117,0.38354161
2895,Szigetszentmiklos,Szigetszentmiklósi,Pest,0.32504019,0.52995682,0.74139398,0.7958402,2353.293,1.220172,0.011897712,0.70108461
2911,Solt,Kalocsai,Baranya,0.30904001,0.25240386,0.69513261,0.84152395,1717.47,0.60656458,0.045567412,0.15125293
2921,Baj,Tatai,Komarom-Esztergom,0.36143571,1.161305,0.77917182,1.0514687,573.34747,-0.98053002,0.071559489,-0.22072497
2922,Janossomorja,Mosonmagyaróvári,Gyor-Moson-Sopron,0.2718899,-0.39203408,0.51155722,0.2370296,1125.093,-0.13328773,0.017175127,0.59036058
2943,Tapolca,Tapolcai,Veszprem,0.3089695,0.25118071,0.3836987,-0.26843509,1773.7061,0.78139973,0.0069818762,0.75977874
2953,Veszto,Szeghalmi,Bekes,0.2285977,-1.1430179,0.4448472,-0.073572539,1332.8719,0.10857733,0.079610653,-0.4077577
2960,Pilisborosjeno,Pilisvörösvári,Pest,0.47163409,3.072901,0.37917441,-0.32866281,802.26141,-0.62874901,0.035882868,0.29900762
2964,Domsod,Ráckevei,Pest,0.3028661,0.14530592,0.6003902,0.54278046,799.0473,-0.61743051,0.044435743,0.15145668
2972,Tiszafured,Tiszafüredi,Jasz-Nagykun-Szolnok,0.2923457,-0.037189998,0.70878458,0.90265471,3447.125,2.9808323,0.004823254,0.79829627
2973,Gyomro,Monori,Pest,0.27988711,-0.25330749,0.57827812,0.33597416,1213.09,-0.1318251,0.0467165,0.15596038
2982,Tokol,Szigetszentmiklósi,Pest,0.33009419,0.6176278,0.67997158,0.70878994,791.60992,-0.68704772,0.031587716,0.38827872
3011,Berzence,Csurgói,Somogy,0.2068052,-1.5210494,0.67527193,0.87824988,772.71869,-0.63448948,0.047173813,0.092823304
3031,Zalalovo,Zalaegerszegi,Zala,0.27184179,-0.39286849,0.73402572,1.1198127,1674.073,0.65706909,0.079004601,-0.44031531
3032,Mezokovacshaza,Mezőkovácsházai,Bekes,0.3207863,0.45616511,0.62413561,0.57944059,1140.66,-0.17652924,0.074705191,-0.31385118
3040,Lorinci,Hatvani,Heves,0.28821021,-0.10892776,0.77911878,1.2221136,1436.886,0.26811108,0.14924861,-1.5491176
3045,Miskolc,Miskolci,Borsod-Abauj-Zemplen,0.30283129,0.14470209,0.91830528,1.391588,3881.196,3.113869,0.0026230642,0.83701217
3055,Kornye,Tatabányai,Komarom-Esztergom,0.30651349,0.20857663,0.70590961,0.98764294,776.987,-0.63265646,0.18310204,-2.1499324
3062,Tiszakecske,Tiszakécskei,Baranya,0.3293995,0.60557705,0.58553171,0.42719358,2693.6379,1.9314383,0.0085645299,0.73933512
3064,Csenger,Csengeri,Szabolcs-Szatmar-Bereg,0.2747311,-0.34274811,0.4878926,0.1100769,1108.91,-0.18459235,0.032886557,0.3395662
3069,Kartal,Aszódi,Pest,0.32402599,0.51236355,0.0,-1.7665223,1089.266,-0.16569543,0.092261292,-0.67327392
3072,Taksony,Szigetszentmiklósi,Pest,0.31801969,0.40817311,0.44532731,0.021180663,695.79303,-0.71920609,0.02314388,0.48178497
3073,Szerencs,Szerencsi,Borsod-Abauj-Zemplen,0.30190521,0.12863755,0.37295771,-0.3630915,1298.816,0.041361377,0.013517411,0.65981632
3076,Oroszlany,Oroszlányi,Komarom-Esztergom,0.34215131,0.82678109,0.4723897,0.023273965,895.09381,-0.50196511,0.027449744,0.43480575
3083,Hosszuheteny,Pécsi,Bacs-Kiskun,0.30829671,0.23950994,0.24936131,-0.76720184,1005.536,-0.27013141,0.033003543,0.31513429
3092,Csabrendek,Sümegi,Veszprem,0.29769379,0.055582523,0.2396235,-0.80859137,2148.085,1.3850431,0.1319382,-1.3582954
3093,Nagykanizsa,Nagykanizsai,Zala,0.30259299,0.14056835,0.82847691,1.245644,2942.4431,2.1516228,0.0021960719,0.84140104
3097,Levelek,Baktalórántházai,Szabolcs-Szatmar-Bereg,0.28209689,-0.2149747,0.3914583,-0.20975478,971.06549,-0.33111945,0.070723794,-0.31579915
3098,Erd,Érdi,Pest,0.3596901,1.131024,0.61159521,0.34945679,2470.8921,1.3710349,0.0045993063,0.80782878
3102,Kistelek,Kisteleki,Csongrad,0.2932319,-0.021817176,0.50843883,0.23432088,798.37189,-0.59258872,0.10383268,-0.85508406
3109,Hajdusamson,Debreceni,Hajdu-Bihar,0.35226241,1.0021769,0.76026648,1.0487337,1897.042,0.81756479,0.024914449,0.48453724
3126,Vertesszolos,Tatabányai,Komarom-Esztergom,0.32557991,0.53931928,0.48268479,0.11857807,525.44647,-0.98833549,0.034432951,0.30576
3132,Szabadkigyos,Békéscsabai,Bekes,0.2095771,-1.4729656,0.0,-1.7665223,666.48108,-0.7465744,0.041227773,0.16329078
3136,Koka,Nagykátai,Pest,0.27299979,-0.37278083,0.36009991,-0.39609432,902.57538,-0.48613921,0.10500292,-0.81696802
3148,Nagyrede,Gyöngyösi,Heves,0.19676021,-1.6952984,0.0,-1.7665223,799.68103,-0.57152021,0.15530667,-1.7563339
3150,Dunafoldvar,Paksi,Tolna,0.31344739,0.32885802,0.67390758,0.78355026,1457.2889,0.26906177,0.030590607,0.38503569
3158,Szentgotthard,Szentgotthárdi,Vas,0.33105189,0.63424087,0.68295318,0.89217108,2329.3911,1.5596834,0.019280408,0.55737418
3165,Albertirsa,Ceglédi,Pest,0.27516729,-0.33518162,0.52299207,0.22020507,1172.676,-0.1157765,0.01939996,0.56313914
3173,Nagymaros,Szobi,Pest,0.31247151,0.31192961,0.64069611,0.71622401,715.44269,-0.72674799,0.0091348477,0.72531474
3179,Tapioszecso,Nagykátai,Pest,0.30818769,0.23761885,0.66976058,0.81845725,1168.873,-0.095219515,0.078798242,-0.4126403
3181,Danszentmiklos,Ceglédi,Pest,0.2011143,-1.6197687,0.0,-1.7665223,703.35999,-0.67761153,0.1137588,-1.116232
3194,Papa,Pápai,Veszprem,0.3014327,0.12044088,0.73164392,0.8785941,2374.7241,1.3843389,0.0098904883,0.72379494
3196,Tahitotfalu,Szentendrei,Pest,0.27273861,-0.37731162,0.43593791,-0.13326505,1024.9449,-0.33902913,0.02637597,0.4567554
3202,Bugyi,Dabasi,Pest,0.30836329,0.24066487,0.22592279,-0.88637829,991.77032,-0.33041519,0.078794211,-0.42465821
3204,Taplanszentkereszt,Szombathelyi,Vas,0.28118739,-0.2307518,0.51909667,0.26812032,633.6366,-0.83163249,0.11768592,-1.0781217
3205,Zalaegerszeg,Zalaegerszegi,Zala,0.3359929,0.71995199,0.83369088,1.2232901,2887.502,2.0271156,0.005464253,0.79223043
3210,Inarcs,Dabasi,Pest,0.33172321,0.6458863,0.49288589,0.1380648,671.46448,-0.79130232,0.063027911,-0.15612206
3216,Sasd,Hegyháti,Bacs-Kiskun,0.2267327,-1.1753697,0.78437543,1.4653032,635.82428,-0.78218132,0.037245788,0.22536203
3217,Kal,Füzesabonyi,Heves,0.2294552,-1.1281428,0.50920433,0.23880827,714.69989,-0.71141833,0.053928342,-0.024126012
3223,Kakucs,Dabasi,Pest,0.2291785,-1.1329428,0.0,-1.7665223,478.879,-1.0231063,0.12279186,-1.2490338
3227,Devecser,Devecseri,Veszprem,0.31565359,0.36712876,0.3320787,-0.43376294,653.61652,-0.78092587,0.1597272,-1.8393615
3229,Nyirabrany,Nyíradonyi,Hajdu-Bihar,0.34089381,0.80496728,0.66429389,0.76754135,1421.769,0.23608164,0.14973015,-1.5434686
3243,Kiskunhalas,Kiskunhalasi,Baranya,0.2987633,0.074135266,0.48773459,0.062084835,1331.036,0.078726627,0.0046741138,0.80100441
3250,Kunszentmarton,Kunszentmártoni,Jasz-Nagykun-Szolnok,0.32876271,0.59453082,0.67209262,0.83211726,2498.396,1.7746259,0.072255112,-0.3078227
3252,Zalaszentgrot,Zalaszentgróti,Zala,0.36315769,1.1911758,0.68393773,0.87317485,2742.1321,2.1099737,0.058971766,-0.08860299
3255,Godollo,Gödöllői,Pest,0.35905021,1.1199241,0.77530158,0.96298611,1645.068,0.36972952,0.003809853,0.81841385
3261,Fot,Dunakeszi,Pest,0.32563871,0.54033923,0.78875941,1.0700414,1141.51,-0.24273708,0.019163258,0.58338237
3279,Barcs,Barcsi,Somogy,0.30107111,0.1141684,0.72239929,0.98397976,2314.5061,1.4667864,0.0075047491,0.75421268
3282,Bugac,Kiskunfélegyházi,Baranya,0.26744449,-0.46914789,0.36303559,-0.31285211,1746.26,0.8058235,0.068744421,-0.29043251
3295,Elek,Gyulai,Bekes,0.23315521,-1.0639595,0.40807021,-0.11827129,670.56238,-0.74995542,0.021185741,0.51284873
3304,Encs,Encsi,Borsod-Abauj-Zemplen,0.34607989,0.89492953,0.86607373,1.5821434,1336.976,0.14377181,0.019747155,0.55189133
3312,Berhida,Várpalotai,Veszprem,0.3035759,0.15761875,0.192991,-0.99970609,1005.693,-0.28239188,0.18243347,-2.1943102
3314,Nyirpazony,Nyíregyházi,Szabolcs-Szatmar-Bereg,0.37623361,1.418002,0.85367233,1.2191302,521.87927,-1.0707283,0.1276733,-1.0156513
3315,Boly,Bólyi,Bacs-Kiskun,0.37794921,1.4477623,0.0,-1.7665223,602.15503,-0.84531331,0.032339606,0.31894815
3319,Doboz,Békéscsabai,Bekes,0.23697519,-0.99769461,0.0,-1.7665223,823.42828,-0.55259705,0.015639944,0.61365753
3336,Szeged,Szegedi,Csongrad,0.35649231,1.0755525,0.92150962,1.3753924,3894.228,3.088377,0.00040752272,0.8693282
3345,Gyomaendrod,Gyomaendrődi,Bekes,0.34191841,0.82274091,0.81543308,1.2693223,1926.3361,0.87095046,0.0045072255,0.80415404
3366,Lebeny,Mosonmagyaróvári,Gyor-Moson-Sopron,0.35608149,1.0684259,0.3247689,-0.47334588,527.08771,-0.97138536,0.019626917,0.54427338
3372,Veroce,Szobi,Pest,0.29699621,0.043481648,0.78861898,1.33205,635.29028,-0.82708013,0.024767205,0.46313021
3385,Balatonboglar,Fonyódi,Somogy,0.31435561,0.34461287,0.74564707,1.0112637,1794.254,0.69389856,0.0081215333,0.74709243
3386,Balatonlelle,Fonyódi,Somogy,0.2991316,0.080524065,0.73382092,0.97251153,924.83221,-0.479938,0.014310303,0.64902472
3410,Bocskaikert,Hajdúhadházi,Hajdu-Bihar,0.31390661,0.33682412,0.64739412,0.84239584,662.81738,-0.76354539,0.0,0.87521201
3415,Kistarcsa,Gödöllői,Pest,0.29677671,0.039674111,0.61694062,0.5424571,756.56787,-0.70526385,0.01543929,0.63052213
3416,Kerepes,Gödöllői,Pest,0.35772201,1.0968839,0.63639933,0.61446548,924.11151,-0.47796899,0.043338656,0.18859445
3420,Kulcs,Dunaújvárosi,Fejer,0.23669,-1.0026418,0.0,-1.7665223,419.09509,-1.1500682,0.03067353,0.37722728
3424,Algyo,Szegedi,Csongrad,0.32912931,0.60089016,0.0,-1.7665223,847.55188,-0.49810404,0.0,0.87521201
3425,Petfurdo,Várpalotai,Veszprem,0.32466751,0.52349204,0.1389737,-1.1875834,355.56931,-1.1956569,0.1137588,-1.1315558
